method,trial_id,arm_idx,p_true,p_pred,p_lo,p_hi,se,ae,covered,crps,ci_width,theta_mean,theta_sd
No Borrowing,advance_dakrd,0,0.5878378378378378,0.49903890286656344,0.0021462306591213858,0.9975813240587276,0.007885250852032618,0.08879893497127439,1,0.12011086058798368,0.9954350933996062,-0.04876820814835343,3.0658644067031777
No Borrowing,advance_krd,1,0.3309352517985611,0.5228472385649952,0.001534755483792981,0.9993681197897718,0.03683021066463996,0.19191198676643406,1,0.148785447462772,0.9978333643059788,0.1985020817239022,3.2632491797763374
No Borrowing,alcyone_dvmp,2,0.28,0.50394058894787,0.0022026553513616906,0.9982377244592966,0.05014938737831885,0.22394058894786995,1,0.1494918664697661,0.9960350691079349,0.042174179034133764,3.042301728592398
No Borrowing,alcyone_vmp,3,0.0702247191011236,0.5086827424826879,0.002139564304682088,0.9985126747845032,0.19224543826766835,0.43845802338156425,1,0.2512859581916669,0.9963731104798211,0.09816012799485284,3.165035424144576
No Borrowing,benefit_isard,4,0.2592592592592592,0.5068058924111981,0.0022195246763058864,0.9982945479499151,0.06127933558486063,0.24754663315193892,1,0.15898455067873085,0.9960750232736092,0.045980390260986284,3.1290334977185825
No Borrowing,benefit_isavrd,5,0.5333333333333333,0.5058783242824461,0.0017238613529119348,0.9980589188055949,0.0007537775219843019,0.02745500905088727,1,0.11471426478484453,0.996335057452683,0.05037987299483642,3.099753194389198
No Borrowing,cassiopeia_dvtd,6,0.6390423572744015,0.5023793697107881,0.001421030268218369,0.9974034236530277,0.01867677216981235,0.1366629875636134,1,0.12771772253916935,0.9959823933848093,0.007984824219706149,3.1138574812546946
No Borrowing,cassiopeia_vtd,7,0.4391143911439114,0.5037521454905667,0.002412610399259289,0.9984290725166841,0.004178039286978557,0.06463775434665531,1,0.11752099547251654,0.9960164621174248,0.0452890756201587,3.022752047040026
No Borrowing,cepheus_dvrd,8,0.6091370558375635,0.49951782100673664,0.0014708795983438474,0.9985738796152906,0.012016376644895965,0.10961923483082686,1,0.12354513076424589,0.9971030000169468,-0.011101352955637285,3.1723252591161955
No Borrowing,cepheus_vrd,9,0.3888888888888889,0.5027436798186451,0.0018904011896147617,0.9984647465671861,0.012962913417658494,0.1138547909297562,1,0.12589344512414583,0.9965743453775713,0.01702507523543097,3.1373942522363114
No Borrowing,derman_dakrd,10,0.6190476190476191,0.5110957049707735,0.001314714658092854,0.998102898576767,0.011653615752854648,0.10795191407684557,1,0.11958942812435427,0.9967881839186742,0.09197018254611578,3.12384803462757
No Borrowing,determination_vrd,11,0.3977591036414565,0.5054450222614691,0.002129434057399351,0.9984954003667154,0.011596257069035986,0.10768591862001264,1,0.12445708858496979,0.996365966309316,0.08184564520209096,3.106452245789328
No Borrowing,determination_vrd_asct,12,0.5452054794520548,0.5215178389522321,0.0017931144488026792,0.9993042490033472,0.0005611043124488376,0.023687640499822638,1,0.1149294945956513,0.9975111345545445,0.250222908437731,3.1767270668189695
No Borrowing,elokrd,13,0.5777777777777777,0.49709298963287096,0.0013997082811754795,0.9982905432299916,0.0065100350379884864,0.08068478814490676,1,0.1203439969226121,0.996890834948816,-0.03888336564120266,3.157303387204772
No Borrowing,endurance_krd,14,0.1026615969581749,0.49592339435832267,0.0018736985835415172,0.9984855503133628,0.15465484129439488,0.3932617974001478,1,0.22067131182412048,0.9966118517298214,-0.02455729560836984,3.0915992491419457
No Borrowing,endurance_vrd,15,0.0721062618595825,0.508424945163447,0.0017291574547438065,0.9979484449519492,0.1903739934000181,0.4363186833038646,1,0.25007163886444594,0.9962192874972055,0.03790224928278709,3.0762911818675045
No Borrowing,forte_krd12,16,0.5569620253164557,0.5036881352007359,0.0025677234496122043,0.998284640067996,0.0028381073680617892,0.05327389011571981,1,0.11510295136248738,0.9957169166183838,0.048120799805231596,3.071432235718849
No Borrowing,forte_krd_asct,17,0.5822784810126582,0.49815994879059916,0.001388846956896107,0.9990719356134149,0.007075927463193589,0.08411853222205906,1,0.1210911505131605,0.9976830886565188,0.057113263752069286,3.2217462686770646
No Borrowing,gmmg_concept_isakrd,18,0.6767676767676768,0.510576606081869,0.002338155309803439,0.9985577044611309,0.027619471975695146,0.16619107068580774,1,0.13126028213025673,0.9962195491513275,0.08826422557908893,3.181778912209167
No Borrowing,gmmghd7_isavrd,19,0.5,0.5085930557560665,0.0017182886431341864,0.9982702887845905,7.384060722686766e-05,0.008593055756066503,1,0.11575566822877018,0.9965520001414563,0.0460695337555449,3.100502832493454
No Borrowing,gmmghd7_vrd,20,0.3606060606060606,0.5028529649004858,0.0018489810693553433,0.9982975309686731,0.020234181781347366,0.1422469042944252,1,0.12788039066303533,0.9964485498993177,0.02804205317639123,3.1408398810762472
No Borrowing,griffin_dvrd,21,0.6442307692307693,0.48629399897059566,0.0006857139961370174,0.9978213964009196,0.02494402340021486,0.1579367702601736,1,0.1341636261003726,0.9971356824047826,-0.1789446525150351,3.165745800992676
No Borrowing,griffin_vrd,22,0.3009708737864077,0.5052550769712422,0.0015774174225180054,0.9989213678580962,0.041732035670862734,0.20428420318483448,1,0.1487732958370358,0.9973439504355781,0.03598619190118299,3.2191020831564665
No Borrowing,ifm2009_vrd_asct,23,0.6285714285714286,0.4864403767632663,0.0009042549655029201,0.9989807428685679,0.020201235888094506,0.14213105180816227,1,0.13239904940614197,0.9980764879030649,-0.10402412292944012,3.2256532414803973
No Borrowing,ifm2009_vrd_noasct,24,0.4885714285714285,0.4982418891987662,0.001173396921590442,0.9987549044806131,9.351780874488922e-05,0.00967046062733773,1,0.11583545083395122,0.9975815075590226,-0.010039892631728985,3.1988986063754683
No Borrowing,ifm201804_dakrd,25,0.62,0.5119976605040928,0.001987507961826139,0.9984088366008976,0.011664505336589198,0.10800233949590721,1,0.11806616195882061,0.9964213286390715,0.09227773373289463,3.059305111697411
No Borrowing,iskia_isakrd,26,0.7880794701986755,0.5070595384526888,0.0021568752952196924,0.997713562190384,0.07897220203851903,0.2810199317459867,1,0.16425168605434867,0.9955566868951643,0.0379021127283812,2.994772479381266
No Borrowing,iskia_krd,27,0.6291390728476821,0.5056409629482006,0.0017504648604979693,0.9987308158846984,0.015251783148744414,0.12349810989948151,1,0.12660075182481706,0.9969803510242004,0.0869819772371966,3.134264270940716
No Borrowing,maia_drd,28,0.3206521739130434,0.5077963809817747,0.0013801110908530734,0.9981786165469854,0.03502295423938418,0.1871442070687313,1,0.1388286657030384,0.9967985054561322,0.014927715716596004,2.9992192193524585
No Borrowing,maia_rd,29,0.1111111111111111,0.4948558053027486,0.0013358205769698971,0.9984408343188578,0.14725999032023337,0.3837446941916375,1,0.212353237843826,0.9971050137418879,-0.04550444808687783,3.104101136811641
No Borrowing,manhattan,30,0.7073170731707317,0.5003127166957045,0.0011849633088439513,0.9982348342006128,0.04285080359964011,0.20700435647502713,1,0.14102588351707565,0.9970498708917688,-0.017183523443159005,3.077506409566971
No Borrowing,master,31,0.7073170731707317,0.5132981534110648,0.0011713700413978792,0.9990839843760267,0.03764334122470806,0.1940189197596669,1,0.13700125924610063,0.9979126143346289,0.08678253827840339,3.2115184404319215
No Borrowing,midas_isakrd,32,0.629582806573957,0.49813073458115775,0.0017851899337032419,0.9991067988221604,0.01727964723120009,0.1314520719927993,1,0.12498016918128463,0.9973216088884571,0.003739342193235178,3.165473836439001
No Borrowing,perseus_dvrd,33,0.7492957746478873,0.5134548254305566,0.0015953544828960313,0.9980331117156838,0.055620953327731544,0.23584094921733068,1,0.14784242939628245,0.9964377572327877,0.10902919521359317,3.135870382280906
No Borrowing,perseus_vrd,34,0.480225988700565,0.4979951413905304,0.0013434843180780414,0.997282935847474,0.0003157427873193056,0.01776915268996543,1,0.11557258524112615,0.9959394515293959,-0.07812663975600818,3.0688463876432492
Full Pooling,advance_dakrd,0,0.5878378378378378,0.437059924035052,0.42690521031743656,0.44647260598653415,0.02273397929072031,0.15077791380278582,0,0.14792988150151784,0.019567395669097598,-0.2531294448842349,0.020541599278192556
Full Pooling,advance_krd,1,0.3309352517985611,0.44116673008229834,0.43125249118925935,0.45127560465305433,0.012150978804618037,0.11023147828373725,0,0.1072566453233817,0.020023113463794984,-0.2364550576135589,0.021320569150334045
Full Pooling,alcyone_dvmp,2,0.28,0.4454704568174331,0.4356112861543573,0.4557846558700835,0.027380472079369975,0.16547045681743305,0,0.16254034983797339,0.020173369715726197,-0.21901312435887477,0.020970060470974296
Full Pooling,alcyone_vmp,3,0.0702247191011236,0.4538814031567906,0.4431448465903123,0.4642333363567385,0.14719245122058988,0.383656684055667,0,0.38067918577051385,0.021088489766426244,-0.18502125018234727,0.0213529183504571
Full Pooling,benefit_isard,4,0.2592592592592592,0.4418906828482201,0.4320651917554458,0.45193453690372876,0.03335423688213046,0.1826314235889609,0,0.17970558941717232,0.01986934514828298,-0.23351793592898204,0.02098819805047623
Full Pooling,benefit_isavrd,5,0.5333333333333333,0.43801087188223525,0.42753254301988525,0.44850962909199915,0.009086371657096078,0.09532246145109807,0,0.09238574243406188,0.020977086072113904,-0.24926652776680025,0.021150387394733693
Full Pooling,cassiopeia_dvtd,6,0.6390423572744015,0.4272576351058125,0.41677557764941114,0.43742153176046455,0.044852768544026436,0.211784722168589,0,0.2087756907841081,0.02064595411105341,-0.29308320736302584,0.021749028168114293
Full Pooling,cassiopeia_vtd,7,0.4391143911439114,0.4392519977695068,0.42867713737544016,0.44928482731666974,1.8935583407758413e-08,0.00013760662559542114,1,0.0012562526942800213,0.02060768994122958,-0.24422650977706536,0.021514227495895034
Full Pooling,cepheus_dvrd,8,0.6091370558375635,0.43576713029835146,0.4253811831944912,0.44613072583879226,0.030057131081471927,0.17336992553921204,0,0.17049197941016725,0.020749542644301067,-0.2583869468156931,0.02082985397145885
Full Pooling,cepheus_vrd,9,0.3888888888888889,0.4405486068660482,0.4304945249681131,0.4509162590610724,0.002668726461479635,0.05165971797715929,0,0.04874703704615432,0.02042173409295933,-0.23896182255668133,0.020895198276904125
Full Pooling,derman_dakrd,10,0.6190476190476191,0.4387081911691154,0.42876791393289465,0.44851321488314394,0.032522309247546025,0.18033942787850366,0,0.17746125112045838,0.01974530095024929,-0.24643280899542094,0.020728333865658807
Full Pooling,determination_vrd,11,0.3977591036414565,0.4410754220930342,0.43097822776899314,0.4510941329400886,0.0018763034441984894,0.043316318451577684,0,0.04037449528226489,0.02011590517109546,-0.23682523689240506,0.021249563599675513
Full Pooling,determination_vrd_asct,12,0.5452054794520548,0.43499848341662223,0.42494417148167424,0.44521837032549544,0.012145581975153846,0.11020699603543255,0,0.10727338564973501,0.0202741988438212,-0.2615149961523499,0.02117712966959121
Full Pooling,elokrd,13,0.5777777777777777,0.43865750429435313,0.42815364642737846,0.44920448633703125,0.01935445049410285,0.1391202734834246,0,0.1361440958484382,0.021050839909652785,-0.2466404086486109,0.02141815755566098
Full Pooling,endurance_krd,14,0.1026615969581749,0.45957396774775994,0.44920612242664154,0.4698077349797589,0.12738644042264224,0.35691237078958504,0,0.35386859821326,0.020601612553117377,-0.16207689629674094,0.021657047548397364
Full Pooling,endurance_vrd,15,0.0721062618595825,0.46138741984117176,0.45091343399020545,0.4717610041209608,0.15153981995948704,0.38928115798158924,0,0.3862874166576281,0.020847570130755333,-0.1547760837209544,0.0213325766836119
Full Pooling,forte_krd12,16,0.5569620253164557,0.4375004790380849,0.42712051514551774,0.4478670268476588,0.014271061039219315,0.11946154627837074,0,0.11647462909683859,0.020746511702141035,-0.25134151262402715,0.02154751922716853
Full Pooling,forte_krd_asct,17,0.5822784810126582,0.4370068094716836,0.4263074297737281,0.44765819342964003,0.021103858552308823,0.14527167154097465,0,0.14226257148956703,0.02135076365591193,-0.253348367748545,0.021684605668257678
Full Pooling,gmmg_concept_isakrd,18,0.6767676767676768,0.4366690350538025,0.42674632138688295,0.44677173380874674,0.05764735775284738,0.2400986417138743,0,0.2372597576000122,0.020025412421863786,-0.25471829251682293,0.02048061674439921
Full Pooling,gmmghd7_isavrd,19,0.5,0.4372231372801349,0.427582818251877,0.4474514767796159,0.003940934492948789,0.0627768627198651,0,0.05989956617313707,0.01986865852773889,-0.2524666073620579,0.02079506373179978
Full Pooling,gmmghd7_vrd,20,0.3606060606060606,0.4422526123636534,0.432032565055813,0.4522323354248619,0.006666159413905276,0.08164655175759278,0,0.07871268199076134,0.02019977036904891,-0.23205050749045164,0.021057377135336824
Full Pooling,griffin_dvrd,21,0.6442307692307693,0.4371151541612369,0.42672453346996464,0.44766521875302284,0.0428968780056307,0.20711561506953236,0,0.20419304320046702,0.020940685283058202,-0.25290655873196466,0.02116288512776515
Full Pooling,griffin_vrd,22,0.3009708737864077,0.4409340592911532,0.430485672890849,0.45110638501225137,0.019589693296635804,0.1399631855047455,0,0.13698539649821648,0.020620712121402374,-0.23739911636441385,0.021396906475341933
Full Pooling,ifm2009_vrd_asct,23,0.6285714285714286,0.43205583781887313,0.421473523452522,0.44278666834309616,0.03861837740882585,0.19651559075255542,0,0.1934759196878013,0.021313144890574176,-0.27350099058803284,0.02194779788617855
Full Pooling,ifm2009_vrd_noasct,24,0.4885714285714285,0.43765023383874246,0.42756101147141995,0.44772917725831374,0.002592968073004131,0.050921194732686026,0,0.047985721415188025,0.020168165786893788,-0.25073182479860073,0.021133240898086058
Full Pooling,ifm201804_dakrd,25,0.62,0.43831064936464337,0.42773029066602175,0.44857158641565126,0.03301102013429757,0.18168935063535663,0,0.17877550522012806,0.020841295749629507,-0.24804849503630566,0.021071978050097216
Full Pooling,iskia_isakrd,26,0.7880794701986755,0.43380862217137495,0.4232685160124957,0.4437717135336993,0.1255078337619827,0.3542708480273006,0,0.35129358186857307,0.02050319752120361,-0.2663591706859993,0.02144354666925102
Full Pooling,iskia_krd,27,0.6291390728476821,0.4363264548222734,0.425935667404631,0.4470197258016133,0.03717670566981217,0.19281261802540872,0,0.18984216391418499,0.021084058396982297,-0.25611372176934016,0.021411199559392045
Full Pooling,maia_drd,28,0.3206521739130434,0.44422572620921197,0.4337795526434648,0.4548330614573104,0.015270422827093908,0.12357355229616857,0,0.12059854850731987,0.0210535088138456,-0.22405481276269473,0.02135139607383807
Full Pooling,maia_rd,29,0.1111111111111111,0.45268927032446615,0.44235795932259325,0.4632045907912793,0.11667563885158413,0.34157815921335505,0,0.33860393205122513,0.02084663146868604,-0.18983221335738962,0.021326906962226663
Full Pooling,manhattan,30,0.7073170731707317,0.4381725527652453,0.428073801406179,0.448455013626561,0.07243877286429927,0.26914452040548636,0,0.26620936540187673,0.020381212220381972,-0.24860951824771876,0.021112640560983293
Full Pooling,master,31,0.7073170731707317,0.4358431382187392,0.42550844056236375,0.44554282363749953,0.07369809735831863,0.27147393495199246,0,0.26854505427610126,0.020034383075135775,-0.25807845851701466,0.021072680699650907
Full Pooling,midas_isakrd,32,0.629582806573957,0.4216764472816619,0.41151867002656917,0.43172026839370986,0.043225054234176906,0.20790635929229512,0,0.20495850517041322,0.020201598367140694,-0.31593109072862813,0.02140526050436986
Full Pooling,perseus_dvrd,33,0.7492957746478873,0.4271365698813381,0.4162112235993334,0.43793669841403104,0.10378655321581541,0.32215920476654925,0,0.3191431004864068,0.021725474814697665,-0.29357842738409307,0.021888264579484746
Full Pooling,perseus_vrd,34,0.480225988700565,0.43782939751435757,0.42763504675326913,0.44782973541824916,0.0017974709442104009,0.04239659118620742,0,0.03952000771840432,0.02019468866498003,-0.250002759027602,0.02074776527247438
BHM,advance_dakrd,0,0.5878378378378378,0.45685279947329754,0.09994568298365482,0.8450812737166274,0.01715708027536009,0.13098503836454028,1,0.08323994869023818,0.7451355907329726,-0.21111920889497127,0.9862033476670203
BHM,advance_krd,1,0.3309352517985611,0.470929534725381,0.10747739841833215,0.8568057814312882,0.019598399252194504,0.13999428292681992,1,0.08313095214358819,0.749328383012956,-0.13888719915423478,0.9794045563742685
BHM,alcyone_dvmp,2,0.28,0.4797475390423501,0.12258274669237477,0.8477252908485406,0.03989907935347518,0.1997475390423501,1,0.11470869184845962,0.7251425441561659,-0.0945648302336341,0.9612430547750226
BHM,alcyone_vmp,3,0.0702247191011236,0.47356366580445386,0.1334139329875537,0.8422119907373901,0.16268230592775187,0.40333894670333026,0,0.2936948558116762,0.7087980577498364,-0.1210579620369475,0.8968278999041764
BHM,benefit_isard,4,0.2592592592592592,0.47517926507447505,0.12994436107867574,0.8492860448650137,0.046621448911242855,0.21592000581521587,1,0.12423942223734342,0.719341683786338,-0.11509041174663043,0.9488106658616849
BHM,benefit_isavrd,5,0.5333333333333333,0.46675578348428237,0.11866604865172882,0.8458130169050775,0.004432570143902865,0.06657754984905095,1,0.06153408981482615,0.7271469682533487,-0.15643159438124768,0.9632707226364201
BHM,cassiopeia_dvtd,6,0.6390423572744015,0.46279672334613037,0.10838281915134454,0.8461890569493036,0.031062523478778158,0.17624563392827114,1,0.10676550257841862,0.7378062377979591,-0.17758724568638004,0.9718504625947331
BHM,cassiopeia_vtd,7,0.4391143911439114,0.4771981835227346,0.11665169120165451,0.8625806066724755,0.001450375241953312,0.0380837923788232,1,0.056799425140210774,0.745928915470821,-0.10650353389055715,0.9998024423204758
BHM,cepheus_dvrd,8,0.6091370558375635,0.46894599388829933,0.11765707818010954,0.8446565808107644,0.019653533850462424,0.14019106194926417,1,0.08658553017167096,0.7269995026306549,-0.14966505459453366,0.9579578994893728
BHM,cepheus_vrd,9,0.3888888888888889,0.4682047327806551,0.10892478177388734,0.8638270484842387,0.006291003092263028,0.07931584389176621,1,0.06266649244320567,0.7549022667103514,-0.14992235335514784,1.0042925152899438
BHM,derman_dakrd,10,0.6190476190476191,0.46819266947532856,0.10302578434214096,0.8501479716353342,0.022757215810458312,0.1508549495722905,1,0.09200600490301145,0.7471221872931932,-0.15855615827351516,0.9851927519918362
BHM,determination_vrd,11,0.3977591036414565,0.477358445251921,0.10901195711043674,0.8596274107758556,0.0063360551848194255,0.0795993416104645,1,0.06292605231725996,0.7506154536654188,-0.10985363366053401,0.9733172553135617
BHM,determination_vrd_asct,12,0.5452054794520548,0.45941363052887507,0.10837144102461682,0.8507829148660212,0.00736024134165769,0.0857918489231797,1,0.06782054268016907,0.7424114738414044,-0.19207557535034714,0.9722349001477661
BHM,elokrd,13,0.5777777777777777,0.4682338646558193,0.11051673411285069,0.85865521211347,0.011999868902071179,0.10954391312195844,1,0.07741495633378104,0.7481384780006193,-0.1539205364259192,1.0087509811320985
BHM,endurance_krd,14,0.1026615969581749,0.49068147303208515,0.13321683073022486,0.8507017027750619,0.15055942422841267,0.38801987607391025,0,0.27530896488844,0.717484872044837,-0.0437947498128685,0.9226403919371277
BHM,endurance_vrd,15,0.0721062618595825,0.48269529983476805,0.15002394522793128,0.8282003997377813,0.16858335810538835,0.41058903797518553,0,0.30406430018696706,0.67817645450985,-0.08098107222388501,0.859326182879189
BHM,forte_krd12,16,0.5569620253164557,0.46840818293654857,0.11148520274362496,0.8615314075990964,0.00784178300024543,0.0885538423799071,1,0.0689792504312544,0.7500462048554715,-0.15141252842960096,0.9909161580680463
BHM,forte_krd_asct,17,0.5822784810126582,0.4689000916149714,0.12052295063540384,0.8422081405293959,0.012854659182413498,0.1133783893976868,1,0.07419579936134169,0.721685189893992,-0.1527076843537573,0.9503161763375686
BHM,gmmg_concept_isakrd,18,0.6767676767676768,0.46754593074291484,0.11559203521361903,0.843425738700147,0.043773739009649995,0.20922174602476196,1,0.12480069189904937,0.727833703486528,-0.15693621449254436,0.9665006987417245
BHM,gmmghd7_isavrd,19,0.5,0.4668353424536572,0.10378528710116108,0.8563092768654659,0.0010998945101661918,0.03316465754634279,1,0.055414528889398476,0.7525239897643048,-0.16092052890354222,0.9941830433933263
BHM,gmmghd7_vrd,20,0.3606060606060606,0.47229614614487375,0.11725260410219819,0.8559487375241622,0.0124746752076674,0.11169008553881316,1,0.07279286445288372,0.738696133421964,-0.13301953978258899,0.9751235981655141
BHM,griffin_dvrd,21,0.6442307692307693,0.4623704116729981,0.11075995194233781,0.8572021771303224,0.033073189651040384,0.1818603575577712,1,0.10926766497559195,0.7464422251879846,-0.1829856217971113,0.9947751057756183
BHM,griffin_vrd,22,0.3009708737864077,0.4702223664701939,0.11730411998424338,0.8484184786213245,0.028646067775689732,0.1692514926837862,1,0.09737799666793442,0.7311143586370811,-0.14297158533188387,0.9699469798879191
BHM,ifm2009_vrd_asct,23,0.6285714285714286,0.46933941796907586,0.1110788211210131,0.859410605121648,0.025354833200467764,0.1592320106023527,1,0.0967867828171795,0.7483317840006349,-0.14909521610615173,1.0065362497128125
BHM,ifm2009_vrd_noasct,24,0.4885714285714285,0.4681781621609618,0.1126984383749011,0.8541145408395646,0.0004158853148882686,0.02039326641046668,1,0.05478957427681269,0.7414161024646635,-0.15144027875817057,0.982406846659494
BHM,ifm201804_dakrd,25,0.62,0.46808833077286904,0.10604759890436673,0.8513252055718636,0.023077155247373245,0.15191166922713095,1,0.09435649229601158,0.7452776066674969,-0.1547039485082273,0.9838087471424131
BHM,iskia_isakrd,26,0.7880794701986755,0.46730294930440197,0.11560643663809007,0.8406847369028352,0.10289757635703432,0.32077652089427355,1,0.21168917233988777,0.7250783002647451,-0.1616953669702085,0.9572923322779721
BHM,iskia_krd,27,0.6291390728476821,0.46053051485741314,0.11107927543607851,0.8462283554106441,0.028428845827557895,0.16860855799026897,1,0.10170280678826124,0.7351490799745656,-0.19041132373241662,0.960926148614734
BHM,maia_drd,28,0.3206521739130434,0.4781487677564843,0.11612551811347538,0.8535897100490256,0.024805177072285783,0.1574965938434409,1,0.09355000133738935,0.7374641919355502,-0.11121650640406491,0.9927165468414886
BHM,maia_rd,29,0.1111111111111111,0.474917415170502,0.13611228233800984,0.8451708359361854,0.132355026873354,0.3638063040593909,0,0.25529947875074954,0.7090585535981755,-0.11489112031667076,0.891802861185504
BHM,manhattan,30,0.7073170731707317,0.4635821064783719,0.11082086040959724,0.8547365106694996,0.05940673398852573,0.24373496669235978,1,0.150420524355098,0.7439156502599024,-0.17442540723242025,0.9643819174291849
BHM,master,31,0.7073170731707317,0.467031228758163,0.11760522683477034,0.8513549487125482,0.05773728702506116,0.24028584441256867,1,0.14795729523592904,0.7337497218777779,-0.15615318532820072,0.9663760846584948
BHM,midas_isakrd,32,0.629582806573957,0.46229058490869585,0.10184045810277499,0.8606475889074569,0.027986687429698887,0.1672922216652612,1,0.10163804667698567,0.7588071308046819,-0.1830681332830991,0.9977195764950173
BHM,perseus_dvrd,33,0.7492957746478873,0.46264256667854464,0.10722086382973009,0.842948626613288,0.08217006163911522,0.2866532079693427,1,0.18239545463533452,0.7357277627835579,-0.18058419882134816,0.9709149083605156
BHM,perseus_vrd,34,0.480225988700565,0.46570205341886617,0.10870942379250044,0.8530467937744887,0.00021094469606697575,0.014523935281698819,1,0.05615860899694715,0.7443373699819882,-0.1665676829010799,0.9872369348836432
rMAP,advance_dakrd,0,0.5878378378378378,0.456563167822031,0.07716331578368309,0.8689122984918339,0.017233038987758974,0.13127467001580684,1,0.08485793328993951,0.7917489827081509,-0.22922739528498665,1.1246562936841449
rMAP,advance_krd,1,0.3309352517985611,0.47144438597142235,0.08865026741531254,0.8851394539907471,0.019742816786007127,0.14050913417286126,1,0.08440778647188218,0.7964891865754345,-0.14103776177210348,1.1292270639804975
rMAP,alcyone_dvmp,2,0.28,0.4817361450876643,0.10051212825044639,0.884780754770447,0.04069747223483114,0.2017361450876643,1,0.11477287641125927,0.7842686265200006,-0.08366314175719414,1.101933323095302
rMAP,alcyone_vmp,3,0.0702247191011236,0.47519493177364597,0.10077201362084919,0.8862024856710282,0.164000873152028,0.40497021267252237,0,0.2876306051655764,0.785430472050179,-0.11711485617457662,1.0671906235488884
rMAP,benefit_isard,4,0.2592592592592592,0.47506034953909404,0.1017788117904607,0.8773453066996861,0.04657011056596543,0.21580109027983485,1,0.1236088094057845,0.7755664949092255,-0.11987071695969952,1.063274836736526
rMAP,benefit_isavrd,5,0.5333333333333333,0.46718831780062364,0.09353264842325014,0.8962779160094538,0.004375163079822405,0.06614501553270968,1,0.06411003785254563,0.8027452675862037,-0.15407295870248003,1.1273861417420492
rMAP,cassiopeia_dvtd,6,0.6390423572744015,0.4645413133432842,0.08944522375634001,0.8859081434186651,0.030450614333049734,0.17450104393111732,1,0.10720808017922816,0.7964629196623251,-0.17001959379238538,1.1198272536984932
rMAP,cassiopeia_vtd,7,0.4391143911439114,0.4779469096782811,0.10023358889531025,0.8961124733767638,0.001507964495722166,0.0388325185343697,1,0.05965310329488638,0.7958788844814535,-0.10104378966073273,1.1700157692614963
rMAP,cepheus_dvrd,8,0.6091370558375635,0.4696919703092579,0.09165341417270338,0.8768900337457125,0.019444931877996462,0.1394450855283056,1,0.08758787368199716,0.7852366195730092,-0.1555199032011359,1.0984984943760028
rMAP,cepheus_vrd,9,0.3888888888888889,0.4685868549116365,0.08630612974055481,0.8918444258763133,0.006351765788163029,0.07969796602274759,1,0.06534796871129606,0.8055382961357584,-0.15304456436945843,1.1367187139449315
rMAP,derman_dakrd,10,0.6190476190476191,0.4687702288100758,0.08062813374521059,0.8858457052595248,0.022583294016606865,0.15027739023754327,1,0.09303782088132215,0.8052175715143142,-0.16454770552383177,1.1419421262316063
rMAP,determination_vrd,11,0.3977591036414565,0.4776129019919891,0.09355508760968623,0.8865856767161691,0.00637662911100752,0.07985379835053258,1,0.06564754086451707,0.7930305891064828,-0.11406206748873467,1.108491937795991
rMAP,determination_vrd_asct,12,0.5452054794520548,0.46025459125917656,0.08728923114413013,0.8816893642967817,0.007216653404758896,0.08495088819287822,1,0.07000371111066148,0.7944001331526516,-0.19106799620723158,1.0996580204254094
rMAP,elokrd,13,0.5777777777777777,0.4686281232867474,0.08635338573772547,0.8808517470737691,0.011913647075511293,0.10914965449103031,1,0.07944948258505047,0.7944983613360437,-0.1570257837571035,1.1702116775393983
rMAP,endurance_krd,14,0.1026615969581749,0.49325883633708734,0.1109186938244772,0.8956398773914261,0.15256620341042743,0.39059723937891244,0,0.27056528275423863,0.784721183566949,-0.02661917148802432,1.089069883313661
rMAP,endurance_vrd,15,0.0721062618595825,0.48298127609282016,0.10245528338848776,0.877526532629159,0.16881827732116328,0.4108750142332377,0,0.29610207397489385,0.7750712492406713,-0.0868446921480067,1.0376587331910478
rMAP,forte_krd12,16,0.5569620253164557,0.46858643660116384,0.08489619929625215,0.8937013782138405,0.007810244680774417,0.08837558871529183,1,0.07132890378490034,0.8088051789175884,-0.15130860584760894,1.150124554838579
rMAP,forte_krd_asct,17,0.5822784810126582,0.4708501910454177,0.0923000616589733,0.8761973147846798,0.012416263805023435,0.11142828996724052,1,0.07576133517774451,0.7838972531257065,-0.14662645327330617,1.1004392919612291
rMAP,gmmg_concept_isakrd,18,0.6767676767676768,0.46906089021316816,0.09195117227888511,0.8835086608553532,0.04314210918080021,0.20770678655450864,1,0.12452634161838406,0.791557488576468,-0.15433164740108066,1.1283533932120051
rMAP,gmmghd7_isavrd,19,0.5,0.4673980320496641,0.0849606587782658,0.8647592945818557,0.0010628883142347275,0.032601967950335875,1,0.05840835122036886,0.77979863580359,-0.1606776211662855,1.1073218254092405
rMAP,gmmghd7_vrd,20,0.3606060606060606,0.47209046642695845,0.08140547294878371,0.8700891944077361,0.012428772741238645,0.11148440582089786,1,0.07476771942665422,0.7886837214589524,-0.14478902759182266,1.1249710907347332
rMAP,griffin_dvrd,21,0.6442307692307693,0.4624483009368397,0.08595837519412884,0.885355005485747,0.03304486577903351,0.18178246829392958,1,0.11006055512681265,0.7993966302916181,-0.18675370250566892,1.1266468581332765
rMAP,griffin_vrd,22,0.3009708737864077,0.470804015296156,0.09361611598119975,0.8839392861729357,0.028843295955070198,0.16983314150974832,1,0.09786690647520652,0.7903231701917359,-0.14925235730488493,1.107274913844684
rMAP,ifm2009_vrd_asct,23,0.6285714285714286,0.4724176379967272,0.08687589808731598,0.8804121103808409,0.02438400631084769,0.15615379057470136,1,0.09766169473056108,0.7935362122935249,-0.13856802447996905,1.1359823634859183
rMAP,ifm2009_vrd_noasct,24,0.4885714285714285,0.46853072391702466,0.08889740334508943,0.8885789215204112,0.0004016298430450433,0.02004070465440383,1,0.05765139549200182,0.7996815181753217,-0.15840196926936717,1.1271182044285115
rMAP,ifm201804_dakrd,25,0.62,0.4690214531996269,0.08549645543831587,0.8874972129801678,0.022794521593952448,0.1509785468003731,1,0.09506295399715062,0.802000757541852,-0.15737909868338373,1.114442928885726
rMAP,iskia_isakrd,26,0.7880794701986755,0.4686457758908605,0.08220874511875609,0.8627276732043504,0.10203788505913863,0.31943369430781504,1,0.2065379851159284,0.7805189280855943,-0.16462607163538562,1.1069721907763885
rMAP,iskia_krd,27,0.6291390728476821,0.46131616393587205,0.0941183648393665,0.8769031861451133,0.0281645287556217,0.16782290891181006,1,0.10239836460436075,0.7827848213057468,-0.19131930414561113,1.0890469035992878
rMAP,maia_drd,28,0.3206521739130434,0.4800531861162583,0.08529662943020117,0.8877787186785246,0.025408682691409466,0.1594010122032149,1,0.09465623427798817,0.8024820892483235,-0.11101470685719707,1.1476701411003118
rMAP,maia_rd,29,0.1111111111111111,0.47619490016678445,0.11292806510211754,0.8837738153759224,0.1332861730312474,0.36508378905567335,0,0.2497219638537858,0.7708457502738049,-0.10839911278632326,1.04591626212645
rMAP,manhattan,30,0.7073170731707317,0.4635145381597649,0.09025153210832254,0.8761701236788361,0.05943967607777368,0.24380253501096677,1,0.14907627821767971,0.7859185915705136,-0.1809771067066585,1.0804513314302675
rMAP,master,31,0.7073170731707317,0.4680768796768701,0.08598386595032127,0.8878026576782738,0.05723587018298031,0.23924019349386155,1,0.1471331725473654,0.8018187917279526,-0.15780816564121977,1.1147469057512343
rMAP,midas_isakrd,32,0.629582806573957,0.4628661324355335,0.07883719062484838,0.8685957341692881,0.027794449435777305,0.16671667413842356,1,0.10179007145623065,0.7897585435444398,-0.19120662155537413,1.1449498695138174
rMAP,perseus_dvrd,33,0.7492957746478873,0.46372821030087974,0.08606907924514068,0.8769875045478702,0.08154883380708232,0.2855675643470076,1,0.17961613216472733,0.7909184253027295,-0.1811386121287212,1.1156594766297478
rMAP,perseus_vrd,34,0.480225988700565,0.46507448672423946,0.08481740851360388,0.8717309691868932,0.0002295680121385965,0.015151501976325532,1,0.05929662429894547,0.7869135606732893,-0.1823547813114002,1.116315336285923
KG-PP,advance_dakrd,0,0.5878378378378378,0.46376865889375346,0.4516701192742071,0.4753774681914976,0.015393161163859227,0.12406917894408437,0,0.12063360679965235,0.02370734891729054,-0.14520156163067774,0.02450392626368592
KG-PP,advance_krd,1,0.3309352517985611,0.45375956854707494,0.44208633885046916,0.46565582107466286,0.01508581278473926,0.12282431674851385,0,0.11932751189819399,0.023569482224193694,-0.1855205275372035,0.0249255087023683
KG-PP,alcyone_dvmp,2,0.28,0.4375740980078338,0.4231344929492884,0.452680471883381,0.024829596362982407,0.15757409800783378,0,0.15328873726583384,0.02954597893409261,-0.2510724835018085,0.030788637356900874
KG-PP,alcyone_vmp,3,0.0702247191011236,0.43708234555493275,0.4209528408848863,0.45247382318639345,0.13458451808732258,0.36685762645380915,0,0.36242899887729085,0.03152098230150713,-0.253076174673039,0.032002831303551256
KG-PP,benefit_isard,4,0.2592592592592592,0.4453493308445868,0.4327327541729659,0.45823428799105625,0.034629514742632345,0.1860900715853276,0,0.18233338018980821,0.02550153381809034,-0.2195191028186801,0.026908203915322764
KG-PP,benefit_isavrd,5,0.5333333333333333,0.44399174266545943,0.4314914292989486,0.4565028878685298,0.007981919823065932,0.0893415906678739,0,0.08584458380102093,0.025011458569581202,-0.22501255138167453,0.025115277309191414
KG-PP,cassiopeia_dvtd,6,0.6390423572744015,0.45238022897298485,0.43936311384100035,0.46493057264894105,0.03484275014201453,0.18666212830141665,0,0.18292725494155584,0.0255674588079407,-0.19109202229034722,0.026667807280736
KG-PP,cassiopeia_vtd,7,0.4391143911439114,0.45341828571270143,0.4404450888246618,0.46575798862289264,0.0002046013998350616,0.014303894568790054,0,0.010699822623481693,0.025312899798230815,-0.18690077994194557,0.026179095223637604
KG-PP,cepheus_dvrd,8,0.6091370558375635,0.44205316726489663,0.42972955609533253,0.45432802452601,0.02791702582056336,0.16708388857266687,0,0.16366911935733275,0.024598468430677478,-0.23286872196364153,0.024639416140063753
KG-PP,cepheus_vrd,9,0.3888888888888889,0.43214556600084547,0.4205601994168136,0.44416611012160523,0.001871140114768068,0.043256677111956576,0,0.03989057564344933,0.02360591070479162,-0.2731425325243517,0.024253299288527642
KG-PP,derman_dakrd,10,0.6190476190476191,0.45079963636186926,0.4387883106927449,0.4625966679588858,0.028307383677824368,0.1682479826857498,0,0.16478635797831512,0.023808357266140945,-0.19747065473742978,0.024796424297992645
KG-PP,determination_vrd,11,0.3977591036414565,0.4425707439977995,0.43105249968345305,0.4540089352107386,0.0020080831114262284,0.044811640356343,0,0.04145468541968792,0.022956435527285546,-0.2307689591247696,0.024231710056958216
KG-PP,determination_vrd_asct,12,0.5452054794520548,0.4429946085590074,0.43147898519690864,0.45471298909269836,0.010447062128715198,0.10221087089304737,0,0.09884964993413574,0.023234003895789723,-0.22905057953322802,0.02416840887222141
KG-PP,elokrd,13,0.5777777777777777,0.43680673526869646,0.4233900291598749,0.45031239579882115,0.019872834826097197,0.14097104250908127,0,0.13716157103618648,0.02692236663894626,-0.2541795395001443,0.027441938199846857
KG-PP,endurance_krd,14,0.1026615969581749,0.46370687831423124,0.4513433431208084,0.47594725993750936,0.1303536951894739,0.36104528135605635,0,0.3574122212144964,0.024603916816700933,-0.14545255203004168,0.025817883037351604
KG-PP,endurance_vrd,15,0.0721062618595825,0.4620770300314169,0.44996569596957997,0.47407572883903226,0.15207720002853062,0.3899707681718344,0,0.3865085851655621,0.02411003286945229,-0.1520069204372238,0.02466615896646227
KG-PP,forte_krd12,16,0.5569620253164557,0.440449645405968,0.4283077628908956,0.45256679922690946,0.013575134672405814,0.11651237991048768,0,0.11301575418320356,0.02425903633601384,-0.23937519945664537,0.025188601203481268
KG-PP,forte_krd_asct,17,0.5822784810126582,0.44835152411396917,0.43574490695563106,0.4608790987260296,0.017936429784143317,0.13392695689868905,0,0.13038877465427276,0.02513419177039855,-0.2073666576364329,0.025363470623344996
KG-PP,gmmg_concept_isakrd,18,0.6767676767676768,0.4668944384065294,0.4544766350652257,0.47953767785211754,0.044046776180194994,0.2098732383611474,0,0.20633133119956482,0.025061042786891863,-0.13263730702133397,0.02525093317292515
KG-PP,gmmghd7_isavrd,19,0.5,0.4612714321846211,0.44994481201689246,0.473435075972089,0.0014999019650304042,0.03872856781537892,0,0.035334369197269636,0.023490263955196544,-0.1552479300535519,0.024292265994452705
KG-PP,gmmghd7_vrd,20,0.3606060606060606,0.4523313734278164,0.4407334532990962,0.463719744683646,0.008413533012248954,0.09172531282175578,0,0.08836834331998386,0.02298629138454983,-0.19128279323897981,0.023990177419083877
KG-PP,griffin_dvrd,21,0.6442307692307693,0.4613823186666057,0.44926539700121315,0.4737039226180762,0.03343355587371538,0.1828484505641636,0,0.17943378474051755,0.02443852561686305,-0.15480211414344702,0.024476296064634927
KG-PP,griffin_vrd,22,0.3009708737864077,0.4501845062183908,0.43823501769952444,0.461789496901993,0.02226470810354696,0.1492136324319831,0,0.14581732646421544,0.02355447920246856,-0.19995465108811472,0.024305854769373622
KG-PP,ifm2009_vrd_asct,23,0.6285714285714286,0.43906607293947136,0.42692597681815786,0.4514160476063278,0.03591227981319457,0.1895053556319572,0,0.18602538200845814,0.02449007078816995,-0.24499138832359124,0.025036671396035246
KG-PP,ifm2009_vrd_noasct,24,0.4885714285714285,0.4380462347493294,0.4265428200328124,0.4495452149972716,0.002552795210760679,0.05052519382209908,0,0.047177476166092476,0.023002394964459216,-0.2491310901507472,0.02409689320042397
KG-PP,ifm201804_dakrd,25,0.62,0.4660863807591048,0.45332705332290907,0.4783903410198328,0.023689402187831263,0.1539136192408952,0,0.1504135344109041,0.02506328769692373,-0.13588446987641986,0.025044314569278005
KG-PP,iskia_isakrd,26,0.7880794701986755,0.46059181711246866,0.4477975114437028,0.4726584431688583,0.10724816292391177,0.32748765308620686,0,0.3239118053112913,0.024860931725155522,-0.15798602038298964,0.025461882139154374
KG-PP,iskia_krd,27,0.6291390728476821,0.447546532103257,0.43535373844576486,0.4601103971684461,0.03297585085401569,0.1815925407444251,0,0.17810034025447327,0.024756658722681235,-0.21062155477131098,0.025041603743985747
KG-PP,maia_drd,28,0.3206521739130434,0.4493276878005579,0.4358462416148687,0.4630102380024146,0.01655738787421593,0.12867551388751447,0,0.12483967388974282,0.027163996387545908,-0.20342567994070845,0.02747049730658869
KG-PP,maia_rd,29,0.1111111111111111,0.4432118693503729,0.43005510735531877,0.4566232962753874,0.1102909136230926,0.3321007582392618,0,0.3283144356532068,0.026568188920068625,-0.22817895971067015,0.027260438060469485
KG-PP,manhattan,30,0.7073170731707317,0.4514440505186254,0.43922372709427054,0.46400391000925945,0.06547100372112528,0.25587302265210626,0,0.2523290580932027,0.024780182914988902,-0.19486898988376203,0.02534657574241254
KG-PP,master,31,0.7073170731707317,0.462868091139027,0.45036737369095226,0.47473338282831873,0.059755304816336674,0.24444898203170468,0,0.24091837041872846,0.024366009137366473,-0.14882511053512673,0.02512970427204082
KG-PP,midas_isakrd,32,0.629582806573957,0.4358416427412409,0.42346211072016754,0.4480733985850639,0.03753563856325537,0.19374116383271617,0,0.19015998904963094,0.02461128786489636,-0.25809872829226377,0.025792391371977245
KG-PP,perseus_dvrd,33,0.7492957746478873,0.44904234133434934,0.4361835089747484,0.46177046051943443,0.09015212421656721,0.300253433313538,0,0.29671005944428586,0.025586951544686043,-0.2045736840058994,0.02543110885102605
KG-PP,perseus_vrd,34,0.480225988700565,0.44647931488446724,0.43484873663001816,0.45786804265238484,0.0011388379936500975,0.03374667381609775,0,0.0304536065804005,0.02301930602236668,-0.21493593857765614,0.023653697414062553
KG-CAR,advance_dakrd,0,0.5878378378378378,0.4791294862920147,0.08558923598739018,0.8726713145931649,0.01181750569581027,0.10870835154582315,1,0.0732029363984104,0.7870820786057747,-0.11943030039916368,1.106710564033533
KG-CAR,advance_krd,1,0.3309352517985611,0.4849163519196725,0.099822742745788,0.8860789586638212,0.023710179194507727,0.15398110012111138,1,0.09140941480644842,0.7862562159180333,-0.07553169211236024,1.1078665593970125
KG-CAR,alcyone_dvmp,2,0.28,0.4732553598969978,0.09842100993689074,0.8804280162061561,0.03734763412891813,0.19325535989699777,1,0.10896182772175016,0.7820070062692653,-0.1243088229804817,1.0973605086794842
KG-CAR,alcyone_vmp,3,0.0702247191011236,0.46805703623486405,0.10066311301828862,0.8831343489667778,0.15827055255600103,0.39783231713374045,0,0.2805119100509347,0.7824712359484891,-0.1500066838734235,1.0682762552225578
KG-CAR,benefit_isard,4,0.2592592592592592,0.48065202971082954,0.10857056981669819,0.8758254923828404,0.049014758808221724,0.22139277045157035,1,0.12819538675504982,0.7672549225661421,-0.09250636039857792,1.047301003164157
KG-CAR,benefit_isavrd,5,0.5333333333333333,0.4698740248215768,0.09669002968114422,0.8919688571608088,0.004027083836790293,0.06345930851175652,1,0.06234110829749506,0.7952788274796645,-0.14025057948794148,1.108327811528094
KG-CAR,cassiopeia_dvtd,6,0.6390423572744015,0.48589673569536046,0.10208358330541044,0.8917404464113625,0.023453581408830842,0.15314562157904105,1,0.09378669338466741,0.7896568631059521,-0.06636002539172399,1.1008997158120717
KG-CAR,cassiopeia_vtd,7,0.4391143911439114,0.48455339916813095,0.10529101589238088,0.8955995660255706,0.002064703450225091,0.045439008024219574,1,0.05931096265230773,0.7903085501331897,-0.06869749918528462,1.1521997405586155
KG-CAR,cepheus_dvrd,8,0.6091370558375635,0.4746294858644541,0.09321905809435856,0.8735896848378075,0.018092286380070925,0.13450756997310942,1,0.08444707290340507,0.7803706267434489,-0.13096819727672987,1.0784604448932815
KG-CAR,cepheus_vrd,9,0.3888888888888889,0.46155547364472477,0.08806711960640519,0.8855904476450513,0.005280432540077078,0.07266658475583587,1,0.062461960566697644,0.7975233280386461,-0.18616497860002298,1.1146252215329573
KG-CAR,derman_dakrd,10,0.6190476190476191,0.4796769213537675,0.08377397887510456,0.8855130495352264,0.019424191375670963,0.13937069769385158,1,0.08660030026929186,0.8017390706601218,-0.1113875425764859,1.121917586179634
KG-CAR,determination_vrd,11,0.3977591036414565,0.47633897997921526,0.09793870594502753,0.8796651851849976,0.006174796965257459,0.07857987633775876,1,0.06423373937142114,0.7817264792399701,-0.11928281270738193,1.0864864860603904
KG-CAR,determination_vrd_asct,12,0.5452054794520548,0.465852502110737,0.09492373119878057,0.878221699102111,0.006296895012931696,0.0793529773413178,1,0.06707239013890202,0.7832979679033304,-0.16285274039864772,1.0772025676567625
KG-CAR,elokrd,13,0.5777777777777777,0.46944228465561233,0.08838857007714189,0.8773338750864393,0.011736579070022745,0.1083354931221654,1,0.07835578831191273,0.7889453050092975,-0.15238484788073028,1.15316555952521
KG-CAR,endurance_krd,14,0.1026615969581749,0.4980217236054901,0.11921575736450876,0.8951213536488474,0.15630962974258109,0.3953601266473152,0,0.2778318620623025,0.7759055962843386,-0.0038594212811766332,1.0642859985090414
KG-CAR,endurance_vrd,15,0.0721062618595825,0.48436946179333834,0.10520679327981124,0.87460661586185,0.16996094601961992,0.4122631999337558,0,0.30030060309955725,0.7693998225820388,-0.07936578741103985,1.0127720665432662
KG-CAR,forte_krd12,16,0.5569620253164557,0.47332971663934376,0.09082370874253498,0.8900509609048676,0.006994363054663728,0.08363230867711191,1,0.06861621302633071,0.7992272521623326,-0.12740094793137166,1.1288811990236454
KG-CAR,forte_krd_asct,17,0.5822784810126582,0.48136607720065105,0.09905245814954558,0.8760675439429292,0.010183313243117598,0.10091240381200717,1,0.07064893063718652,0.7770150857933836,-0.09545711454286737,1.0794729039173003
KG-CAR,gmmg_concept_isakrd,18,0.6767676767676768,0.4896242844612453,0.10524735339658946,0.8868284183213525,0.03502264928395893,0.1871433923064315,1,0.10981510179001575,0.7815810649247631,-0.05545309559151949,1.1105195540259172
KG-CAR,gmmghd7_isavrd,19,0.5,0.4833692122155679,0.0936520404985854,0.8683354609111602,0.0002765831023308163,0.01663078778443211,1,0.05527617338602604,0.7746834204125748,-0.0825340717974016,1.085051682784498
KG-CAR,gmmghd7_vrd,20,0.3606060606060606,0.476781178647505,0.08608883854990647,0.8673348421100651,0.013496658051943547,0.11617511804144443,1,0.07591467773050857,0.7812460035601586,-0.12153911282777775,1.1037660492194
KG-CAR,griffin_dvrd,21,0.6442307692307693,0.4777432519140414,0.09337846690821498,0.8874103085560836,0.02771809342228777,0.1664875173167279,1,0.10027432990445946,0.7940318416478687,-0.11181504910988671,1.1046703817615062
KG-CAR,griffin_vrd,22,0.3009708737864077,0.47863492404012264,0.10060137976133816,0.885057310764038,0.031564514752554555,0.17766405025371496,1,0.10282719218910798,0.7844559310026998,-0.1106598440004616,1.0850458720059706
KG-CAR,ifm2009_vrd_asct,23,0.6285714285714286,0.4777097986700218,0.09456409580650427,0.8779611183456887,0.022759231376509034,0.15086162990140678,1,0.09422722042110154,0.7833970225391844,-0.1114924322091812,1.1119207158880746
KG-CAR,ifm2009_vrd_noasct,24,0.4885714285714285,0.4676980447778334,0.09286384896237164,0.8853959650061859,0.0004356981509947186,0.0208733837935951,1,0.05638561554556576,0.7925321160438142,-0.161328902161189,1.1052023067013672
KG-CAR,ifm201804_dakrd,25,0.62,0.49019131023036266,0.09729356147231329,0.891235088183457,0.016850295939709947,0.12980868976963733,1,0.08351503233437314,0.7939415267111437,-0.054899726930810376,1.093664398665744
KG-CAR,iskia_isakrd,26,0.7880794701986755,0.4850010579428739,0.09387786282280278,0.8653701757160175,0.09185652397549764,0.3030784122558016,1,0.19249559890408857,0.7714923128932147,-0.08583267191054285,1.0873226570635293
KG-CAR,iskia_krd,27,0.6291390728476821,0.4713053914486412,0.0988595612076454,0.87619555155415,0.024911470983973952,0.15783368139904091,1,0.09605946503361532,0.7773359903465046,-0.14213354976298792,1.067278387913814
KG-CAR,maia_drd,28,0.3206521739130434,0.4842697773878291,0.09067845205723217,0.8854796224635956,0.02677072016683221,0.1636176034747857,1,0.09680407314321388,0.7948011704063634,-0.09010403142221332,1.1311082626455866
KG-CAR,maia_rd,29,0.1111111111111111,0.47208319216377514,0.11420510056569445,0.879014486476481,0.13030084329949107,0.36097208105266404,0,0.24719045917533888,0.7648093859107865,-0.12686810841419818,1.0315502851147438
KG-CAR,manhattan,30,0.7073170731707317,0.47323217803923245,0.09573651574516007,0.8759217613624738,0.054795738128724986,0.23408489513149922,1,0.14157960519228427,0.7801852456173137,-0.13376975158334517,1.0603175460071301
KG-CAR,master,31,0.7073170731707317,0.4887523321951605,0.09998032002154697,0.8905016173827558,0.047770545997718517,0.21856474097557116,1,0.1312252101949304,0.7905212973612088,-0.05851506330776158,1.0949515694975278
KG-CAR,midas_isakrd,32,0.629582806573957,0.48192358617112824,0.0884552354758887,0.8732567858995417,0.021803245369971174,0.1476592204028288,1,0.09053331495069426,0.784801550423653,-0.09758017710852891,1.124997672197702
KG-CAR,perseus_dvrd,33,0.7492957746478873,0.4818025203225618,0.09170253641327013,0.8789339679243579,0.07155264110955327,0.2674932543253255,1,0.164717015822764,0.7872314315110878,-0.09294861371027648,1.093397527548784
KG-CAR,perseus_vrd,34,0.480225988700565,0.46993257355920276,0.09212767639659522,0.8680975213753634,0.00010595439527242517,0.010293415141362228,1,0.05777208015269478,0.7759698449787682,-0.1576647931494673,1.0943019384335677
